﻿pos_x,pos_y,rotation,side,designator,mpn,pack,footprint,value,mount_type
84.674,-93.472,180.0,top,BT2,,,BatteryHolder_Keystone_2460_1xAA,AA,tht
47.43,-44.906,180.0,top,C1,,,C_0402_1005Metric,22p,smt
59.3,-52.29,-90.0,top,C10,,,C_0402_1005Metric,10u,smt
52.197,-51.816,180.0,top,C11,,,C_0402_1005Metric,100n,smt
58.3,-52.3,-90.0,top,C12,,,C_0402_1005Metric,100n,smt
54.4322,-42.1158,90.0,top,C13,,,C_0402_1005Metric,100n,smt
49.18,-47.206,180.0,top,C14,,,C_0402_1005Metric,100n,smt
58.928,-42.164,90.0,top,C15,,,C_0402_1005Metric,100n,smt
70.993,-103.378,90.0,top,C16,,,C_0402_1005Metric,10u,smt
67.564,-107.442,180.0,top,C19,,,C_0402_1005Metric,100n,smt
49.43,-44.906,180.0,top,C2,,,C_0402_1005Metric,22p,smt
67.564,-108.458,180.0,top,C22,,,C_0402_1005Metric,10u,smt
72.009,-103.378,90.0,top,C3,,,C_0402_1005Metric,10u,smt
71.882,-52.098,90.0,top,C4,,,C_0402_1005Metric,100n,smt
81.6555,-104.14,90.0,top,C5,,,C_0805_2012Metric,47u,smt
61.43,-46.706,0.0,top,C6,,,C_0402_1005Metric,100n,smt
49.18,-48.206,180.0,top,C7,,,C_0402_1005Metric,100n,smt
61.43,-50.706,0.0,top,C8,,,C_0402_1005Metric,10u,smt
61.43,-47.706,0.0,top,C9,,,C_0402_1005Metric,100n,smt
46.228,-39.37,-90.0,top,D1,,,LED_WS2812B_PLCC4_1.0x1.0mm,WS2812B,smt
71.12,-39.37,90.0,top,D2,,,LED_WS2812B_PLCC4_1.0x1.0mm,WS2812B,smt
68.072,-28.448,0.0,top,D3,,,IR12-21C-TR8,IR12-21C/TR8,smt
67.564,-106.426,180.0,top,FB1,,,L_0402_1005Metric,600R,smt
58.7375,-26.924,0.0,top,J1,,,PinHeader_1x04_P2.54mm_Vertical,OLED,tht
69.596,-33.782,90.0,top,J2,,,JST_SH_SM04B-SRSS-TB_1x04-1MP_P1.00mm_Horizontal,qwiic,smt
58.725,-107.662,0.0,top,J4,,,USB_C_Receptacle_HRO_TYPE-C-31-M-12,USB_C_Receptacle_USB2.0,smt
74.5435,-104.648,0.0,top,L1,,,L_1008_2520Metric,10u,smt
47.498,-30.226,0.0,top,Q2,,,SOT-363_SC-70-6,BC847BS,smt
49.022,-28.194,0.0,top,Q3,,,PT12-21B-TR8,PT12-21B/TR8,smt
71.882,-43.942,90.0,top,R1,,,R_0402_1005Metric,1k,smt
50.038,-29.464,180.0,top,R10,,,R_0402_1005Metric,200k,smt
45.212,-29.972,-90.0,top,R11,,,R_0402_1005Metric,1k,smt
52.197,-42.1386,90.0,top,R12,,,R_0402_1005Metric,220,smt
69.977,-103.378,-90.0,top,R13,,,R_0402_1005Metric,1k,smt
70.866,-27.94,-90.0,top,R14,,,R_0402_1005Metric,220,smt
44.196,-29.972,-90.0,top,R15,,,R_0402_1005Metric,DNP,smt
71.882,-45.974,90.0,top,R2,,,R_0402_1005Metric,DNP,smt
49.18,-46.206,180.0,top,R3,,,R_0402_1005Metric,1k,smt
61.43,-48.706,0.0,top,R4,,,R_0402_1005Metric,27,smt
61.43,-49.706,180.0,top,R5,,,R_0402_1005Metric,27,smt
64.643,-107.061,90.0,top,R6,,,R_0402_1005Metric,1M,smt
65.659,-108.966,-90.0,top,R7,,,R_0402_1005Metric,5k1,smt
64.643,-108.964,90.0,top,R8,,,R_0402_1005Metric,5k1,smt
50.038,-30.48,180.0,top,R9,,,R_0402_1005Metric,200k,smt
58.77,-68.48,0.0,top,SW1,,,10x10x10x9-6P-WX,dpad,smt
73.5275,-108.458,0.0,top,SW4,,,SW_SPDT_PCM12,SW_SPDT,smt
67.31,-104.14,180.0,top,U1,,,SOT-23-3,HE6206-33NR,smt
68.326,-48.542,-90.0,top,U2,,,SOIC-8_5.23x5.23mm_P1.27mm,W25Q128JVS,smt
55.43,-47.206,-90.0,top,U3,,,QFN-56-1EP_7x7mm_P0.4mm_EP3.2x3.2mm,RP2040,smt
78.529,-104.14,0.0,top,U4,,,SOT-23,XT1861B332MR-G,smt
48.43,-42.506,180.0,top,Y1,,,Crystal_SMD_3225-4Pin_3.2x2.5mm,YSX321SL,smt
