﻿Designator,Quantity,Value,Footprint,Package,MPN,DNP,Mount_Type,LCSC,P/N,Price,mfg,Description,JLCPCB Rotation Offset,JLCPCB Position Offset
BT2,1,AA,BatteryHolder_Keystone_2460_1xAA,,,,tht,C5290181,BH-AA-A1AJ020,$0.22,MYOUNG,,,
"C1, C2",2,22p,C_0402_1005Metric,,,,smt,C106203,CC0402JRNPO9BN220,$0.00,YAGEO,,,
"C10, C16, C22, C3, C8",5,10u,C_0402_1005Metric,,,,smt,C15525,CL05A106MQ5NUNC,$0.00,Samsung,,,
"C11, C12, C13, C14, C15, C19, C4, C6, C7, C9",10,100n,C_0402_1005Metric,,,,smt,C100072,CL05A104KA5NNNC,$0.00,Samsung,,,
C5,1,47u,C_0805_2012Metric,,,,smt,C16780,CL21A476MQYNNNE,$0.02,Samsung,,,
"D1, D2",2,WS2812B,LED_WS2812B_PLCC4_1.0x1.0mm,,,,smt,C5349953,XL-1010RGBC-WS2812B,,XINGLIGHT,RGB LED with integrated controller,90,
D3,1,IR12-21C/TR8,IR12-21C-TR8,,,,smt,C53672,IR12-21C/TR8,,Everlight,,,
FB1,1,600R,L_0402_1005Metric,,,,smt,C76886,BLM15AX601SN1D,,Murata,,,
J1,1,OLED,PinHeader_1x04_P2.54mm_Vertical,,,,tht,C5248080,HS96L03W2C03,$3.00,HS ,,,
J2,1,qwiic,JST_SH_SM04B-SRSS-TB_1x04-1MP_P1.00mm_Horizontal,,,,smt,C7433425,HCZZ0032-4,$0.13,Hong Cheng,,,
J4,1,USB_C_Receptacle_USB2.0,USB_C_Receptacle_HRO_TYPE-C-31-M-12,,,,smt,C2927038, USB-TYPE-C-018,$0.20,DEALON,,,"0,1.27"
L1,1,10u,L_1008_2520Metric,,,,smt,C602018,FHD252012S-100MT,$0.0297,cjiang,,,
Q2,1,BC847BS,SOT-363_SC-70-6,,,,smt,C5380687,BC847BS,,FUXINSEMI,,,
Q3,1,PT12-21B/TR8,PT12-21B-TR8,,,,smt,C264383,PT12-21B/TR8,,Everlight,,,
"R1, R11, R13, R3",4,1k,R_0402_1005Metric,,,,smt,C11702,0402WGF1001TCE,$0.00,UNI-ROYAL,,,
"R10, R9",2,200k,R_0402_1005Metric,,,,smt,C25764,0402WGF2003TCE,$0.00,UNI-ROYAL,,,
"R12, R14",2,220,R_0402_1005Metric,,,,smt,C25091,0402WGF2200TCE,$0.00,UNI-ROYAL,,,
"R4, R5",2,27,R_0402_1005Metric,,,,smt,C25100,0402WGF270JTCE,$0.00,UNI-ROYAL,,,
R6,1,1M,R_0402_1005Metric,,,,smt,C26083,0402WGF1004TCE,$0.00,UNI-ROYAL,,,
"R7, R8",2,5k1,R_0402_1005Metric,,,,smt,C25941,0402WGJ0512TCE,$0.00,UNI-ROYAL,,,
SW1,1,dpad,10x10x10x9-6P-WX,,,,smt,C2858290,10*10*10*9-6P WX,$0.21,SHOU HAN,,,
SW4,1,SW_SPDT,SW_SPDT_PCM12,,,,smt,C319020,SK-3296S-01-L1 ,,XKB,,,
U1,1,HE6206-33NR,SOT-23-3,,,,smt,C5199441,HE6206-33NR,$0.0178,HEERMICR,,180,
U2,1,W25Q128JVS,SOIC-8_5.23x5.23mm_P1.27mm,,,,smt,C97521,W25Q128JVSIQ,$0.41,Winbond,,-90,
U3,1,RP2040,QFN-56-1EP_7x7mm_P0.4mm_EP3.2x3.2mm,,,,smt,C2040,RP2040,$0.74,Raspberry Pi,,,
U4,1,XT1861B332MR-G,SOT-23,,,,smt,C236396,XT1861B332MR-G,$0.22,NATLINEAR,,180,
Y1,1,YSX321SL,Crystal_SMD_3225-4Pin_3.2x2.5mm,,,,smt,C9002,X322512MSB4SI,$0.06,YXC,,,
