﻿Designator,Quantity,Value,Footprint,Package,MPN,DNP,Mount_Type,Description
"C1, C10, C11, C14, C15, C17, C18, C19, C2, C20, C21, C22, C23, C25",14,1uF,MAJx16,,,,smt,Unpolarized capacitor
"C12, C13",2,27pF,MAJx16,,,,smt,Unpolarized capacitor
"C16, C3, C4, C5, C6, C7, C8, C9",8,0.1uF,CAPC2012X94N,,,,smt,Unpolarized capacitor
"C24, C26",2,4.7uF,CAPC3216X180N,,,,smt,Unpolarized capacitor
D2,1,PWRLED,LEDM3528X185N,,,,smt,Light emitting diode
"D3, D4, D5",3,MBR0530,D_SOD-123,,,,smt,"30V 0.5A Schottky Power Rectifier Diode, SOD-123"
GDEY0213F1,1,~,Hirose_FH12-24S-0.5SH_1x24-1MP_P0.50mm_Horizontal,,,,smt,
J1,1,USB_C_Receptacle_USB2.0_16P,USB_C_Receptacle_Amphenol_12401610E4-2A,,,,smt,USB 2.0-only 16P Type-C Receptacle connector
J2,1,Conn_01x02,PinHeader_1x02_P1.00mm_Horizontal,,,,tht,"Generic connector, single row, 01x02, script generated (kicad-library-utils/schlib/autogen/connector/)"
J3,1,Conn_01x03,PinHeader_1x03_P1.00mm_Horizontal,,,,tht,"Generic connector, single row, 01x03, script generated (kicad-library-utils/schlib/autogen/connector/)"
L1,1,47uH 500mA,PinHeader_1x03_P1.00mm_Horizontal,,,,tht,Inductor
Q1,1,Si1308EDL,SOT-323_SC-70,,,,smt,"30V Vds, 1.4A Id, N-Channel MOSFET, SC-70"
"R1, R7",2,10k,R_01005_0402Metric,,,,smt,Resistor
R10,1,10k,R_0805_2012Metric,,,,smt,Resistor
R11,1,1M,R_2010_5025Metric,,,,smt,Resistor
R12,1,2.2Ω,R_1206_3216Metric,,,,smt,Resistor
"R2, R3",2,27,R_1210_3225Metric,,,,smt,Resistor
R4,1,DNP,R_1206_3216Metric,,,Yes,smt,Resistor
"R5, R6",2,5k1,R_1206_3216Metric,,,,smt,Resistor
"R8, R9",2,1k,R_0201_0603Metric,,,,smt,Resistor
SW1,1,SW_Push,CAPC3216X180N,,,,smt,"Push button switch, generic, two pins"
U1,1,RP2040,IC57_RP2040,,,,smt,
U2,1,AP2112K-3.3,SOT-23-5,,,,smt,"600mA low dropout linear regulator, with enable pin, 3.8V-6V input voltage range, 3.3V fixed positive output, SOT-23-5"
Y1,1,12MHz,CRYSTAL_HC49SDLF_FXT,,,,smt,Two pin crystal
