﻿pos_x,pos_y,rotation,side,designator,mpn,pack,footprint,value,mount_type
147.27,-124.61,180.0,bottom,C1,,,MAJx16,1uF,smt
147.27,-132.41,180.0,bottom,C10,,,MAJx16,1uF,smt
147.27,-136.31,180.0,bottom,C11,,,MAJx16,1uF,smt
142.07,-124.61,180.0,bottom,C12,,,MAJx16,27pF,smt
142.07,-128.51,180.0,bottom,C13,,,MAJx16,27pF,smt
142.07,-132.41,180.0,bottom,C14,,,MAJx16,1uF,smt
142.07,-136.31,180.0,bottom,C15,,,MAJx16,1uF,smt
153.68,-126.5,90.0,bottom,C16,,,CAPC2012X94N,0.1uF,smt
136.87,-124.61,180.0,bottom,C17,,,MAJx16,1uF,smt
136.87,-128.51,180.0,bottom,C18,,,MAJx16,1uF,smt
136.87,-132.41,180.0,bottom,C19,,,MAJx16,1uF,smt
147.27,-128.51,180.0,bottom,C2,,,MAJx16,1uF,smt
136.87,-136.31,180.0,bottom,C20,,,MAJx16,1uF,smt
131.67,-124.61,180.0,bottom,C21,,,MAJx16,1uF,smt
131.67,-128.51,180.0,bottom,C22,,,MAJx16,1uF,smt
131.67,-132.41,180.0,bottom,C23,,,MAJx16,1uF,smt
156.17,-130.81,180.0,bottom,C24,,,CAPC3216X180N,4.7uF,smt
131.67,-136.31,180.0,bottom,C25,,,MAJx16,1uF,smt
156.17,-136.81,180.0,bottom,C26,,,CAPC3216X180N,4.7uF,smt
173.49,-126.5,90.0,bottom,C3,,,CAPC2012X94N,0.1uF,smt
170.66,-126.5,90.0,bottom,C4,,,CAPC2012X94N,0.1uF,smt
167.83,-126.5,90.0,bottom,C5,,,CAPC2012X94N,0.1uF,smt
165.0,-126.5,90.0,bottom,C6,,,CAPC2012X94N,0.1uF,smt
162.17,-126.5,90.0,bottom,C7,,,CAPC2012X94N,0.1uF,smt
159.34,-126.5,90.0,bottom,C8,,,CAPC2012X94N,0.1uF,smt
156.51,-126.5,90.0,bottom,C9,,,CAPC2012X94N,0.1uF,smt
162.375,-122.435,180.0,bottom,D2,,,LEDM3528X185N,PWRLED,smt
154.82,-111.81,180.0,bottom,D3,,,D_SOD-123,MBR0530,smt
162.17,-111.81,180.0,bottom,D4,,,D_SOD-123,MBR0530,smt
162.17,-117.31,180.0,bottom,D5,,,D_SOD-123,MBR0530,smt
123.6664,-88.7636,90.0,bottom,GDEY0213F1,,,Hirose_FH12-24S-0.5SH_1x24-1MP_P0.50mm_Horizontal,~,smt
118.4464,-132.6136,-90.0,top,J1,,,USB_C_Receptacle_Amphenol_12401610E4-2A,USB_C_Receptacle_USB2.0_16P,smt
187.7664,-109.7386,-90.0,top,J2,,,PinHeader_1x02_P1.00mm_Horizontal,Conn_01x02,tht
182.2664,-109.6136,-90.0,top,J3,,,PinHeader_1x03_P1.00mm_Horizontal,Conn_01x03,tht
177.2164,-109.6136,-90.0,top,L1,,,PinHeader_1x03_P1.00mm_Horizontal,47uH 500mA,tht
168.52,-114.81,180.0,bottom,Q1,,,SOT-323_SC-70,Si1308EDL,smt
160.775,-130.5,180.0,bottom,R1,,,R_01005_0402Metric,10k,smt
181.0825,-132.31,180.0,bottom,R10,,,R_0805_2012Metric,10k,smt
178.9825,-126.31,180.0,bottom,R11,,,R_2010_5025Metric,1M,smt
188.17,-120.31,-90.0,bottom,R12,,,R_1206_3216Metric,2.2Ω,smt
187.1325,-126.31,180.0,bottom,R2,,,R_1210_3225Metric,27,smt
187.1325,-130.52,180.0,bottom,R3,,,R_1210_3225Metric,27,smt
167.5,-141.5,180.0,bottom,R4,,,R_1206_3216Metric,DNP,smt
176.67,-120.3475,-90.0,bottom,R5,,,R_1206_3216Metric,5k1,smt
182.17,-120.31,-90.0,bottom,R6,,,R_1206_3216Metric,5k1,smt
172.0,-121.5,180.0,bottom,R7,,,R_01005_0402Metric,10k,smt
174.825,-130.31,180.0,bottom,R8,,,R_0201_0603Metric,1k,smt
160.845,-134.0,0.0,bottom,R9,,,R_0201_0603Metric,1k,smt
156.17,-133.81,180.0,bottom,SW1,,,CAPC3216X180N,SW_Push,smt
167.17,-134.2136,180.0,bottom,U1,,,IC57_RP2040,RP2040,smt
168.6575,-120.76,180.0,bottom,U2,,,SOT-23-5,AP2112K-3.3,smt
140.67,-118.31,180.0,bottom,Y1,,,CRYSTAL_HC49SDLF_FXT,12MHz,smt
